User_Id,Place_Id,Place_Ratings,Place_Ratings_normalized
1,179,3,0.6
1,101,4,0.8
1,154,2,0.4
1,103,3,0.6
1,208,5,1.0
1,89,3,0.6
2,147,2,0.4
2,85,4,0.8
2,111,2,0.4
2,107,2,0.4
2,185,2,0.4
2,105,2,0.4
2,176,3,0.6
2,208,5,1.0
2,208,3,0.6
2,167,2,0.4
2,166,2,0.4
3,202,5,1.0
3,202,3,0.6
3,118,2,0.4
3,86,4,0.8
3,105,5,1.0
3,131,4,0.8
3,193,2,0.4
3,176,2,0.4
3,104,3,0.6
3,128,5,1.0
3,134,3,0.6
3,100,4,0.8
3,198,5,1.0
4,88,3,0.6
4,91,3,0.6
4,193,5,1.0
4,97,2,0.4
5,138,2,0.4
5,166,3,0.6
5,151,5,1.0
5,159,2,0.4
5,143,4,0.8
5,190,2,0.4
5,115,3,0.6
6,178,3,0.6
6,92,2,0.4
6,102,4,0.8
6,166,5,1.0
6,116,5,1.0
6,121,4,0.8
6,88,5,1.0
6,119,2,0.4
7,126,5,1.0
7,192,5,1.0
7,183,5,1.0
7,129,4,0.8
7,99,4,0.8
7,88,4,0.8
7,148,3,0.6
7,183,4,0.8
7,107,2,0.4
8,158,5,1.0
8,98,5,1.0
8,173,3,0.6
8,89,3,0.6
8,143,5,1.0
8,98,2,0.4
8,130,3,0.6
8,164,5,1.0
8,202,3,0.6
9,196,4,0.8
9,206,3,0.6
9,188,4,0.8
9,95,5,1.0
9,105,2,0.4
9,204,2,0.4
10,145,3,0.6
10,168,5,1.0
10,134,5,1.0
10,95,5,1.0
10,90,5,1.0
10,205,5,1.0
10,197,3,0.6
10,159,2,0.4
11,107,3,0.6
11,109,2,0.4
11,206,2,0.4
11,97,4,0.8
11,186,4,0.8
11,88,3,0.6
11,151,5,1.0
11,149,2,0.4
11,150,2,0.4
11,127,3,0.6
12,194,3,0.6
12,94,5,1.0
12,183,5,1.0
12,203,5,1.0
12,139,4,0.8
12,141,2,0.4
12,154,5,1.0
12,102,5,1.0
12,128,2,0.4
12,98,2,0.4
13,114,5,1.0
13,129,4,0.8
13,191,2,0.4
13,156,3,0.6
13,177,2,0.4
13,163,4,0.8
13,178,2,0.4
13,142,5,1.0
14,88,2,0.4
14,118,4,0.8
14,167,3,0.6
14,96,2,0.4
14,173,5,1.0
14,167,4,0.8
14,186,4,0.8
14,91,5,1.0
14,171,3,0.6
15,90,5,1.0
15,187,4,0.8
15,95,3,0.6
15,207,4,0.8
15,153,5,1.0
15,142,2,0.4
15,119,4,0.8
15,170,3,0.6
16,89,3,0.6
16,203,4,0.8
16,201,3,0.6
16,150,4,0.8
16,121,3,0.6
16,132,5,1.0
16,121,4,0.8
16,167,3,0.6
17,104,4,0.8
17,134,4,0.8
17,181,2,0.4
17,98,5,1.0
17,199,3,0.6
17,154,5,1.0
17,173,5,1.0
17,145,3,0.6
17,210,4,0.8
17,92,3,0.6
18,102,3,0.6
18,182,5,1.0
18,176,5,1.0
18,197,2,0.4
18,151,5,1.0
18,88,3,0.6
18,147,4,0.8
18,101,5,1.0
18,185,3,0.6
18,184,3,0.6
18,201,5,1.0
18,113,2,0.4
18,111,4,0.8
19,194,5,1.0
19,205,3,0.6
19,112,3,0.6
19,168,3,0.6
19,195,4,0.8
19,203,2,0.4
19,165,4,0.8
19,170,5,1.0
19,124,4,0.8
19,127,5,1.0
19,210,5,1.0
19,151,3,0.6
19,192,5,1.0
19,197,5,1.0
19,192,3,0.6
20,142,2,0.4
20,202,5,1.0
20,136,3,0.6
20,90,2,0.4
20,192,2,0.4
20,108,4,0.8
20,163,2,0.4
20,159,4,0.8
20,145,2,0.4
20,99,2,0.4
21,147,3,0.6
21,121,2,0.4
21,101,4,0.8
21,102,2,0.4
21,209,3,0.6
21,177,4,0.8
21,88,5,1.0
21,113,3,0.6
22,179,4,0.8
22,137,2,0.4
22,139,5,1.0
22,103,5,1.0
22,135,3,0.6
22,169,3,0.6
22,197,2,0.4
22,113,2,0.4
22,124,3,0.6
22,176,3,0.6
23,209,4,0.8
23,156,4,0.8
23,97,5,1.0
23,152,3,0.6
23,147,5,1.0
23,142,4,0.8
23,151,2,0.4
23,112,5,1.0
23,85,4,0.8
23,165,4,0.8
23,190,3,0.6
23,177,4,0.8
23,202,3,0.6
24,148,3,0.6
24,96,2,0.4
24,192,4,0.8
24,200,2,0.4
24,163,2,0.4
24,161,4,0.8
24,113,2,0.4
24,98,4,0.8
24,91,5,1.0
24,191,5,1.0
25,116,3,0.6
25,190,3,0.6
25,94,4,0.8
25,183,3,0.6
25,85,2,0.4
25,172,4,0.8
25,89,3,0.6
25,206,3,0.6
25,88,5,1.0
26,137,3,0.6
26,162,2,0.4
26,167,5,1.0
26,93,3,0.6
26,148,5,1.0
26,203,3,0.6
26,208,4,0.8
26,160,4,0.8
26,125,5,1.0
26,173,4,0.8
27,185,3,0.6
27,103,5,1.0
27,181,5,1.0
27,121,3,0.6
27,123,5,1.0
27,174,2,0.4
27,116,5,1.0
27,96,2,0.4
27,92,3,0.6
27,95,2,0.4
27,95,4,0.8
27,158,3,0.6
27,182,3,0.6
27,183,3,0.6
28,158,2,0.4
28,163,5,1.0
28,96,4,0.8
28,143,5,1.0
28,165,2,0.4
28,131,5,1.0
28,92,5,1.0
28,190,4,0.8
28,90,3,0.6
28,110,5,1.0
28,168,4,0.8
28,201,2,0.4
29,144,5,1.0
29,168,3,0.6
29,114,2,0.4
29,202,3,0.6
29,174,3,0.6
29,95,3,0.6
29,193,2,0.4
29,124,2,0.4
29,104,3,0.6
29,123,3,0.6
30,164,4,0.8
30,200,5,1.0
30,207,2,0.4
30,196,5,1.0
30,120,2,0.4
30,172,2,0.4
30,157,5,1.0
30,118,5,1.0
31,200,5,1.0
31,177,5,1.0
31,101,2,0.4
31,105,3,0.6
31,107,5,1.0
31,86,3,0.6
31,94,4,0.8
31,110,2,0.4
31,191,2,0.4
31,130,2,0.4
31,102,3,0.6
31,126,5,1.0
31,187,3,0.6
31,142,3,0.6
32,200,4,0.8
32,166,2,0.4
32,147,2,0.4
32,122,4,0.8
32,141,2,0.4
33,129,2,0.4
33,134,4,0.8
33,150,5,1.0
33,145,3,0.6
33,122,2,0.4
33,113,3,0.6
33,136,5,1.0
33,134,5,1.0
34,183,3,0.6
34,103,3,0.6
34,174,2,0.4
34,190,4,0.8
34,204,4,0.8
34,120,2,0.4
34,197,3,0.6
34,190,3,0.6
34,176,4,0.8
35,126,3,0.6
35,188,3,0.6
35,158,2,0.4
35,113,3,0.6
35,136,3,0.6
35,185,2,0.4
35,188,2,0.4
36,128,4,0.8
36,162,3,0.6
36,117,5,1.0
36,95,2,0.4
36,133,3,0.6
36,181,3,0.6
36,138,4,0.8
36,136,3,0.6
36,172,5,1.0
36,209,2,0.4
36,139,4,0.8
37,93,5,1.0
37,167,5,1.0
37,103,3,0.6
37,132,3,0.6
38,173,2,0.4
38,155,3,0.6
38,132,5,1.0
38,208,5,1.0
38,118,4,0.8
38,86,4,0.8
38,202,3,0.6
38,117,5,1.0
38,195,4,0.8
39,167,3,0.6
39,93,4,0.8
39,85,5,1.0
39,98,4,0.8
39,208,3,0.6
39,110,4,0.8
40,196,2,0.4
40,189,5,1.0
40,103,3,0.6
40,159,4,0.8
40,179,3,0.6
40,91,3,0.6
40,86,2,0.4
40,106,4,0.8
40,87,2,0.4
40,178,2,0.4
40,196,4,0.8
40,185,4,0.8
40,192,2,0.4
40,184,3,0.6
40,99,3,0.6
40,174,4,0.8
40,203,4,0.8
40,197,5,1.0
41,148,4,0.8
41,193,3,0.6
41,187,2,0.4
41,203,2,0.4
41,162,4,0.8
41,175,3,0.6
41,88,4,0.8
41,99,2,0.4
42,202,3,0.6
42,185,5,1.0
42,180,5,1.0
42,107,5,1.0
42,102,5,1.0
42,103,4,0.8
43,91,5,1.0
43,85,4,0.8
43,204,2,0.4
43,89,5,1.0
43,205,3,0.6
43,167,4,0.8
43,86,5,1.0
43,201,3,0.6
43,99,4,0.8
44,89,2,0.4
44,109,3,0.6
44,127,5,1.0
44,178,5,1.0
44,112,5,1.0
44,210,3,0.6
44,199,5,1.0
44,141,3,0.6
44,202,5,1.0
44,135,3,0.6
44,96,2,0.4
44,88,4,0.8
45,109,2,0.4
45,146,4,0.8
45,157,4,0.8
45,94,4,0.8
45,123,4,0.8
45,180,5,1.0
45,133,5,1.0
45,197,3,0.6
45,147,5,1.0
45,199,3,0.6
45,148,3,0.6
46,169,5,1.0
46,89,4,0.8
46,102,2,0.4
46,107,4,0.8
46,154,5,1.0
46,174,5,1.0
46,114,4,0.8
46,145,2,0.4
46,174,3,0.6
46,193,4,0.8
46,103,2,0.4
46,156,3,0.6
47,197,1,0.2
47,133,2,0.4
47,123,2,0.4
47,118,2,0.4
47,200,5,1.0
47,183,4,0.8
47,163,2,0.4
47,117,1,0.2
47,136,1,0.2
48,94,1,0.2
48,141,5,1.0
48,196,5,1.0
49,152,3,0.6
49,134,5,1.0
49,179,5,1.0
49,127,1,0.2
49,114,4,0.8
49,90,1,0.2
49,122,4,0.8
49,118,2,0.4
49,178,5,1.0
49,158,3,0.6
50,180,5,1.0
50,191,1,0.2
50,181,3,0.6
50,109,5,1.0
50,168,2,0.4
50,207,1,0.2
50,151,2,0.4
50,170,2,0.4
50,89,5,1.0
50,110,1,0.2
51,107,2,0.4
51,141,4,0.8
51,160,3,0.6
51,176,2,0.4
51,93,1,0.2
51,149,4,0.8
51,144,1,0.2
52,112,5,1.0
52,203,5,1.0
52,85,1,0.2
52,202,4,0.8
53,190,4,0.8
53,177,5,1.0
53,135,5,1.0
53,163,1,0.2
53,207,3,0.6
53,123,2,0.4
53,103,2,0.4
53,102,1,0.2
53,174,2,0.4
53,109,2,0.4
53,173,2,0.4
53,193,1,0.2
53,207,1,0.2
54,189,4,0.8
54,114,2,0.4
54,103,3,0.6
54,190,5,1.0
54,103,4,0.8
54,135,2,0.4
54,185,3,0.6
54,150,1,0.2
54,148,4,0.8
54,127,1,0.2
54,159,3,0.6
54,121,1,0.2
54,138,5,1.0
55,198,1,0.2
55,90,5,1.0
55,95,3,0.6
55,113,3,0.6
55,97,3,0.6
55,184,3,0.6
55,106,4,0.8
55,205,2,0.4
55,186,2,0.4
55,89,4,0.8
55,157,3,0.6
55,145,5,1.0
56,186,5,1.0
56,149,5,1.0
56,112,1,0.2
56,170,5,1.0
56,136,4,0.8
56,99,1,0.2
56,200,3,0.6
56,190,2,0.4
56,153,1,0.2
56,134,1,0.2
56,103,4,0.8
57,126,1,0.2
57,99,1,0.2
57,162,2,0.4
57,111,2,0.4
57,129,4,0.8
57,180,2,0.4
57,114,1,0.2
57,157,2,0.4
57,180,1,0.2
57,95,4,0.8
57,144,4,0.8
57,135,4,0.8
58,188,2,0.4
58,154,4,0.8
58,135,4,0.8
58,89,2,0.4
58,144,1,0.2
58,111,3,0.6
58,114,2,0.4
59,147,5,1.0
59,171,1,0.2
59,157,1,0.2
59,143,1,0.2
59,95,1,0.2
60,131,4,0.8
60,129,2,0.4
60,150,1,0.2
60,181,3,0.6
60,92,4,0.8
60,107,3,0.6
60,119,4,0.8
60,85,2,0.4
60,188,3,0.6
61,109,4,0.8
61,146,3,0.6
61,119,2,0.4
61,154,5,1.0
61,96,3,0.6
61,139,5,1.0
61,144,1,0.2
61,197,1,0.2
61,167,5,1.0
61,120,3,0.6
61,142,5,1.0
61,164,5,1.0
61,100,4,0.8
61,132,2,0.4
62,120,5,1.0
62,191,5,1.0
62,130,5,1.0
62,170,2,0.4
62,131,4,0.8
62,119,4,0.8
62,131,1,0.2
62,126,4,0.8
63,125,1,0.2
63,206,5,1.0
63,187,2,0.4
63,159,3,0.6
63,163,1,0.2
63,183,4,0.8
63,110,1,0.2
63,116,2,0.4
64,128,2,0.4
64,91,3,0.6
64,121,4,0.8
64,88,3,0.6
64,112,4,0.8
64,126,4,0.8
64,207,3,0.6
64,142,5,1.0
64,97,4,0.8
64,181,1,0.2
64,169,1,0.2
64,135,3,0.6
65,169,1,0.2
65,164,5,1.0
65,161,1,0.2
65,117,4,0.8
65,159,1,0.2
66,192,3,0.6
66,208,3,0.6
66,194,3,0.6
66,117,2,0.4
66,96,4,0.8
66,198,1,0.2
66,166,4,0.8
66,95,1,0.2
67,96,3,0.6
67,146,5,1.0
67,144,3,0.6
67,116,3,0.6
67,199,1,0.2
67,95,2,0.4
67,207,3,0.6
67,160,5,1.0
67,89,5,1.0
67,195,1,0.2
67,111,1,0.2
67,150,2,0.4
67,204,2,0.4
68,114,1,0.2
68,167,1,0.2
68,138,1,0.2
68,208,2,0.4
68,186,2,0.4
68,85,4,0.8
68,123,1,0.2
68,157,4,0.8
68,127,3,0.6
69,127,3,0.6
69,113,1,0.2
69,120,1,0.2
69,155,3,0.6
70,196,5,1.0
70,161,5,1.0
70,122,2,0.4
70,89,1,0.2
70,172,4,0.8
70,131,5,1.0
70,87,5,1.0
70,167,2,0.4
71,125,3,0.6
71,91,1,0.2
71,198,5,1.0
71,162,4,0.8
71,136,5,1.0
71,96,4,0.8
71,197,5,1.0
71,152,2,0.4
71,163,5,1.0
71,200,3,0.6
71,134,2,0.4
71,101,1,0.2
71,168,1,0.2
72,144,4,0.8
72,142,4,0.8
72,85,4,0.8
72,173,4,0.8
72,117,3,0.6
72,195,1,0.2
72,109,3,0.6
73,133,3,0.6
73,125,5,1.0
73,184,1,0.2
74,164,3,0.6
74,138,5,1.0
74,85,2,0.4
74,92,5,1.0
74,115,5,1.0
74,193,3,0.6
74,105,4,0.8
74,144,3,0.6
74,188,2,0.4
74,98,5,1.0
74,179,3,0.6
75,180,4,0.8
75,190,2,0.4
75,173,4,0.8
75,135,5,1.0
75,149,5,1.0
75,134,3,0.6
75,127,3,0.6
75,187,1,0.2
75,164,4,0.8
76,118,4,0.8
76,175,5,1.0
76,170,4,0.8
76,169,3,0.6
76,176,5,1.0
76,195,5,1.0
76,105,2,0.4
76,192,3,0.6
76,179,1,0.2
77,127,2,0.4
77,126,3,0.6
77,167,5,1.0
77,163,1,0.2
77,191,5,1.0
77,181,3,0.6
78,113,4,0.8
78,181,1,0.2
78,155,5,1.0
78,169,4,0.8
78,199,5,1.0
78,117,5,1.0
78,108,3,0.6
78,151,3,0.6
78,120,3,0.6
79,144,1,0.2
79,167,5,1.0
79,94,3,0.6
79,139,5,1.0
79,88,4,0.8
79,92,2,0.4
79,132,2,0.4
79,93,1,0.2
79,177,2,0.4
79,182,1,0.2
79,184,2,0.4
79,177,3,0.6
79,92,3,0.6
80,173,4,0.8
80,210,5,1.0
80,100,1,0.2
80,108,2,0.4
80,164,5,1.0
80,150,3,0.6
80,173,1,0.2
81,127,4,0.8
81,115,3,0.6
81,125,1,0.2
81,173,2,0.4
81,181,1,0.2
81,135,3,0.6
81,120,1,0.2
82,154,2,0.4
82,206,2,0.4
82,159,1,0.2
83,159,2,0.4
83,106,4,0.8
83,130,3,0.6
83,173,4,0.8
83,152,1,0.2
83,209,1,0.2
83,169,3,0.6
83,101,3,0.6
83,184,1,0.2
83,208,4,0.8
83,204,4,0.8
83,189,5,1.0
84,169,1,0.2
84,196,5,1.0
84,97,4,0.8
84,184,2,0.4
84,131,2,0.4
84,156,2,0.4
84,171,4,0.8
84,202,4,0.8
84,186,3,0.6
84,179,4,0.8
84,104,1,0.2
85,104,3,0.6
85,164,3,0.6
85,108,3,0.6
85,103,4,0.8
85,156,4,0.8
85,132,3,0.6
85,155,4,0.8
85,159,2,0.4
85,197,5,1.0
85,210,5,1.0
86,174,4,0.8
86,160,1,0.2
86,187,3,0.6
86,158,3,0.6
86,184,4,0.8
86,160,5,1.0
86,95,4,0.8
86,127,1,0.2
86,166,1,0.2
86,106,5,1.0
86,155,1,0.2
86,180,3,0.6
86,176,3,0.6
86,193,1,0.2
86,160,4,0.8
86,207,4,0.8
86,208,3,0.6
87,203,3,0.6
87,165,5,1.0
87,153,4,0.8
87,163,4,0.8
87,122,4,0.8
87,119,1,0.2
87,169,1,0.2
87,108,2,0.4
87,161,4,0.8
87,166,4,0.8
87,167,4,0.8
88,85,1,0.2
88,118,2,0.4
88,107,1,0.2
88,135,4,0.8
88,94,3,0.6
88,150,5,1.0
88,165,1,0.2
88,210,3,0.6
88,206,1,0.2
89,149,4,0.8
89,149,3,0.6
89,104,4,0.8
89,180,2,0.4
89,192,2,0.4
89,144,2,0.4
89,116,5,1.0
89,156,5,1.0
90,108,2,0.4
90,126,1,0.2
90,127,3,0.6
90,181,1,0.2
90,128,4,0.8
90,139,3,0.6
90,140,1,0.2
90,201,3,0.6
90,158,2,0.4
91,174,5,1.0
91,130,1,0.2
91,143,3,0.6
91,208,5,1.0
91,110,3,0.6
91,88,2,0.4
91,208,4,0.8
91,98,2,0.4
91,130,2,0.4
91,169,2,0.4
91,143,5,1.0
91,146,5,1.0
91,156,2,0.4
92,156,5,1.0
92,142,4,0.8
92,209,4,0.8
92,97,5,1.0
92,169,5,1.0
92,126,3,0.6
92,150,4,0.8
92,105,5,1.0
92,142,3,0.6
92,171,5,1.0
92,87,1,0.2
92,205,2,0.4
92,171,1,0.2
93,187,3,0.6
93,143,3,0.6
93,200,2,0.4
93,85,5,1.0
93,192,5,1.0
93,207,1,0.2
93,167,3,0.6
93,129,4,0.8
93,131,3,0.6
94,104,2,0.4
94,123,2,0.4
94,151,2,0.4
94,115,5,1.0
94,120,4,0.8
94,92,2,0.4
94,140,5,1.0
95,128,3,0.6
95,116,4,0.8
95,157,5,1.0
95,130,2,0.4
95,119,2,0.4
95,112,5,1.0
95,157,3,0.6
96,188,5,1.0
96,113,3,0.6
96,106,1,0.2
96,114,1,0.2
96,208,3,0.6
96,142,5,1.0
96,172,2,0.4
96,203,2,0.4
96,196,3,0.6
96,210,1,0.2
96,101,2,0.4
96,86,2,0.4
97,174,4,0.8
97,206,1,0.2
97,208,2,0.4
97,183,3,0.6
97,151,3,0.6
97,177,5,1.0
97,151,2,0.4
97,150,2,0.4
97,113,5,1.0
98,105,5,1.0
98,190,2,0.4
98,196,5,1.0
98,107,1,0.2
98,112,2,0.4
99,199,5,1.0
99,111,5,1.0
99,190,5,1.0
99,115,4,0.8
99,182,5,1.0
99,173,2,0.4
99,183,1,0.2
99,134,3,0.6
99,206,5,1.0
99,156,4,0.8
99,94,3,0.6
100,93,3,0.6
100,128,5,1.0
100,108,3,0.6
100,114,2,0.4
100,157,5,1.0
100,189,1,0.2
100,88,3,0.6
100,102,5,1.0
101,161,1,0.2
101,89,1,0.2
101,102,1,0.2
101,147,4,0.8
101,156,3,0.6
101,164,4,0.8
102,153,3,0.6
102,90,5,1.0
102,168,2,0.4
102,113,1,0.2
102,175,2,0.4
102,111,3,0.6
102,168,1,0.2
102,158,1,0.2
102,149,1,0.2
103,169,5,1.0
103,145,3,0.6
103,209,1,0.2
103,142,2,0.4
103,204,5,1.0
103,175,3,0.6
103,198,1,0.2
103,166,4,0.8
103,144,3,0.6
103,163,1,0.2
103,135,2,0.4
103,168,5,1.0
103,110,2,0.4
103,121,4,0.8
103,90,4,0.8
104,199,4,0.8
104,119,1,0.2
104,155,4,0.8
104,185,2,0.4
104,85,1,0.2
104,146,3,0.6
104,114,3,0.6
104,94,5,1.0
104,127,4,0.8
105,120,1,0.2
105,181,1,0.2
105,194,3,0.6
105,178,4,0.8
105,140,2,0.4
105,109,1,0.2
105,192,5,1.0
105,143,3,0.6
105,93,5,1.0
105,86,4,0.8
106,131,5,1.0
106,156,3,0.6
106,122,5,1.0
106,186,1,0.2
106,210,3,0.6
106,153,5,1.0
106,167,3,0.6
106,189,4,0.8
107,188,4,0.8
107,143,5,1.0
107,185,3,0.6
107,104,3,0.6
107,197,4,0.8
107,88,1,0.2
107,192,2,0.4
107,140,2,0.4
107,180,5,1.0
107,174,1,0.2
107,93,3,0.6
108,192,2,0.4
108,141,5,1.0
108,114,5,1.0
108,139,5,1.0
108,206,3,0.6
108,206,2,0.4
108,140,2,0.4
108,146,3,0.6
108,208,3,0.6
108,132,5,1.0
108,165,5,1.0
108,140,4,0.8
109,178,5,1.0
109,120,1,0.2
109,184,3,0.6
109,210,2,0.4
109,193,3,0.6
109,88,3,0.6
109,86,5,1.0
109,177,2,0.4
109,100,4,0.8
109,184,1,0.2
110,184,4,0.8
110,185,4,0.8
110,113,4,0.8
110,199,5,1.0
110,207,3,0.6
110,123,4,0.8
110,107,4,0.8
110,197,4,0.8
111,133,3,0.6
111,121,1,0.2
111,176,5,1.0
111,119,4,0.8
111,131,3,0.6
111,177,5,1.0
112,149,2,0.4
112,92,2,0.4
112,90,1,0.2
112,197,3,0.6
112,159,5,1.0
113,118,5,1.0
113,181,1,0.2
113,145,2,0.4
113,96,2,0.4
113,171,5,1.0
113,116,5,1.0
113,98,2,0.4
113,171,4,0.8
114,157,2,0.4
114,173,1,0.2
114,167,3,0.6
114,180,2,0.4
114,190,2,0.4
114,166,5,1.0
114,144,3,0.6
114,127,4,0.8
115,111,4,0.8
115,106,3,0.6
115,203,4,0.8
115,193,4,0.8
115,124,3,0.6
115,172,3,0.6
115,165,3,0.6
115,134,4,0.8
115,92,5,1.0
115,151,2,0.4
115,147,5,1.0
115,126,1,0.2
115,178,3,0.6
116,91,3,0.6
116,176,4,0.8
116,183,1,0.2
116,172,3,0.6
116,181,1,0.2
116,171,5,1.0
116,114,3,0.6
116,153,1,0.2
116,117,3,0.6
116,173,2,0.4
116,191,1,0.2
117,93,2,0.4
117,185,2,0.4
117,129,4,0.8
117,120,1,0.2
117,165,5,1.0
117,102,5,1.0
117,167,1,0.2
117,159,1,0.2
117,132,4,0.8
117,189,4,0.8
117,159,5,1.0
117,206,1,0.2
118,157,4,0.8
118,138,2,0.4
118,167,5,1.0
118,202,2,0.4
118,159,5,1.0
118,146,3,0.6
118,195,4,0.8
119,178,4,0.8
119,104,2,0.4
119,193,3,0.6
119,175,4,0.8
119,104,1,0.2
119,118,4,0.8
119,203,1,0.2
120,169,5,1.0
120,155,5,1.0
120,177,2,0.4
121,148,4,0.8
121,116,1,0.2
121,86,3,0.6
122,207,4,0.8
122,134,4,0.8
122,194,1,0.2
122,206,4,0.8
122,180,5,1.0
122,116,5,1.0
123,102,1,0.2
123,192,1,0.2
123,176,2,0.4
123,111,2,0.4
123,101,1,0.2
123,145,2,0.4
124,156,5,1.0
124,150,2,0.4
124,155,2,0.4
124,171,2,0.4
124,158,3,0.6
124,178,5,1.0
124,97,3,0.6
124,128,2,0.4
124,157,2,0.4
124,106,5,1.0
125,101,4,0.8
125,141,4,0.8
125,171,5,1.0
125,162,4,0.8
125,90,3,0.6
125,202,1,0.2
125,170,5,1.0
125,126,3,0.6
126,193,2,0.4
126,150,1,0.2
126,125,5,1.0
126,178,1,0.2
126,107,5,1.0
126,145,4,0.8
126,135,3,0.6
126,147,1,0.2
126,118,5,1.0
126,195,5,1.0
126,169,5,1.0
126,174,1,0.2
126,186,3,0.6
126,89,2,0.4
126,206,5,1.0
126,111,4,0.8
127,103,2,0.4
127,149,3,0.6
127,179,4,0.8
127,155,4,0.8
127,97,3,0.6
127,128,4,0.8
127,203,1,0.2
127,169,1,0.2
127,173,2,0.4
127,162,5,1.0
127,129,1,0.2
127,174,5,1.0
127,179,3,0.6
127,157,4,0.8
127,113,2,0.4
127,189,5,1.0
128,194,4,0.8
128,129,3,0.6
128,196,4,0.8
128,108,5,1.0
128,207,1,0.2
128,175,1,0.2
128,192,2,0.4
128,149,4,0.8
129,169,4,0.8
129,163,1,0.2
129,147,4,0.8
129,108,2,0.4
129,193,2,0.4
129,150,5,1.0
129,141,2,0.4
129,161,2,0.4
129,148,3,0.6
129,155,5,1.0
130,148,5,1.0
130,180,2,0.4
130,190,2,0.4
130,206,5,1.0
130,183,4,0.8
130,111,3,0.6
131,121,4,0.8
131,99,5,1.0
131,114,4,0.8
131,169,2,0.4
131,113,4,0.8
131,157,4,0.8
131,158,2,0.4
131,138,1,0.2
131,111,4,0.8
131,118,1,0.2
132,172,5,1.0
132,85,3,0.6
132,118,1,0.2
132,177,1,0.2
132,135,1,0.2
132,201,5,1.0
133,147,3,0.6
133,114,1,0.2
133,208,2,0.4
133,102,1,0.2
133,205,5,1.0
133,208,4,0.8
133,191,5,1.0
133,180,1,0.2
133,104,3,0.6
134,128,5,1.0
134,198,3,0.6
134,113,5,1.0
134,169,2,0.4
134,122,2,0.4
134,175,3,0.6
134,121,3,0.6
134,107,3,0.6
134,86,1,0.2
134,179,2,0.4
134,162,2,0.4
134,206,3,0.6
134,141,3,0.6
134,195,5,1.0
134,107,4,0.8
134,112,4,0.8
135,165,2,0.4
135,178,2,0.4
135,96,5,1.0
135,196,2,0.4
135,102,4,0.8
135,174,3,0.6
135,108,2,0.4
135,132,5,1.0
135,145,2,0.4
135,92,1,0.2
135,93,2,0.4
135,209,1,0.2
135,126,4,0.8
136,201,2,0.4
136,187,2,0.4
136,188,2,0.4
136,190,4,0.8
136,89,2,0.4
136,116,2,0.4
136,143,2,0.4
136,136,1,0.2
137,141,2,0.4
137,168,3,0.6
137,170,1,0.2
137,141,1,0.2
137,185,3,0.6
137,99,4,0.8
137,149,1,0.2
137,98,2,0.4
138,180,2,0.4
138,112,3,0.6
138,86,1,0.2
138,177,2,0.4
138,182,1,0.2
138,107,4,0.8
138,115,5,1.0
138,198,2,0.4
138,134,3,0.6
138,161,1,0.2
138,146,1,0.2
139,171,4,0.8
139,178,5,1.0
139,114,5,1.0
139,98,2,0.4
139,145,5,1.0
139,114,4,0.8
139,143,1,0.2
139,172,2,0.4
139,142,2,0.4
139,154,1,0.2
139,103,2,0.4
139,141,4,0.8
139,154,4,0.8
139,168,4,0.8
139,209,1,0.2
140,143,5,1.0
140,187,3,0.6
140,87,1,0.2
140,182,5,1.0
140,136,4,0.8
140,85,3,0.6
140,128,1,0.2
140,119,5,1.0
140,159,5,1.0
140,157,5,1.0
141,186,4,0.8
141,120,5,1.0
141,121,3,0.6
141,149,4,0.8
141,196,2,0.4
141,143,3,0.6
141,95,5,1.0
142,87,3,0.6
142,143,3,0.6
142,169,1,0.2
142,204,5,1.0
142,205,2,0.4
142,114,4,0.8
142,179,2,0.4
142,116,1,0.2
142,184,1,0.2
142,154,3,0.6
142,106,4,0.8
142,199,2,0.4
142,135,2,0.4
143,131,2,0.4
143,91,1,0.2
143,148,1,0.2
143,91,2,0.4
143,92,5,1.0
143,155,2,0.4
143,132,5,1.0
143,108,5,1.0
143,160,3,0.6
143,93,3,0.6
143,151,2,0.4
143,100,5,1.0
143,194,5,1.0
143,96,1,0.2
143,162,2,0.4
143,127,5,1.0
143,196,2,0.4
144,119,3,0.6
144,112,5,1.0
144,126,4,0.8
144,167,5,1.0
144,146,5,1.0
144,143,2,0.4
144,193,1,0.2
144,111,4,0.8
144,201,2,0.4
144,136,2,0.4
144,206,2,0.4
144,186,1,0.2
145,201,2,0.4
145,94,5,1.0
145,111,1,0.2
145,163,5,1.0
145,183,4,0.8
145,117,3,0.6
145,130,4,0.8
145,177,3,0.6
145,91,2,0.4
146,167,2,0.4
146,169,4,0.8
146,153,1,0.2
146,204,1,0.2
146,194,3,0.6
146,108,3,0.6
146,107,2,0.4
146,122,5,1.0
146,159,5,1.0
146,203,1,0.2
146,137,5,1.0
147,171,4,0.8
147,99,1,0.2
147,116,2,0.4
147,156,5,1.0
147,113,4,0.8
147,162,4,0.8
148,154,1,0.2
148,147,2,0.4
148,153,1,0.2
148,198,5,1.0
148,193,3,0.6
148,137,4,0.8
148,89,3,0.6
148,91,1,0.2
148,158,1,0.2
148,135,3,0.6
148,196,4,0.8
148,189,3,0.6
148,103,3,0.6
148,198,2,0.4
149,149,2,0.4
149,107,1,0.2
149,171,2,0.4
149,185,2,0.4
149,106,1,0.2
149,183,3,0.6
149,185,4,0.8
149,198,2,0.4
149,160,4,0.8
149,131,5,1.0
149,157,5,1.0
150,165,2,0.4
150,189,2,0.4
150,180,1,0.2
150,156,3,0.6
150,122,1,0.2
150,166,2,0.4
151,121,1,0.2
151,96,4,0.8
151,178,5,1.0
151,129,1,0.2
151,105,4,0.8
151,180,5,1.0
151,179,2,0.4
152,207,5,1.0
152,204,3,0.6
152,117,5,1.0
152,186,5,1.0
152,208,2,0.4
152,122,2,0.4
152,177,3,0.6
152,115,1,0.2
152,132,3,0.6
152,142,3,0.6
153,183,4,0.8
153,176,1,0.2
153,96,2,0.4
153,150,5,1.0
153,183,5,1.0
153,139,5,1.0
153,156,3,0.6
154,88,3,0.6
154,165,5,1.0
154,157,5,1.0
154,147,1,0.2
154,160,4,0.8
154,210,5,1.0
154,136,4,0.8
155,129,1,0.2
155,130,3,0.6
155,114,2,0.4
155,137,2,0.4
155,205,4,0.8
155,89,1,0.2
155,209,4,0.8
155,197,1,0.2
156,198,5,1.0
156,142,4,0.8
156,201,1,0.2
156,201,2,0.4
156,150,5,1.0
156,96,1,0.2
156,146,5,1.0
156,162,4,0.8
157,112,5,1.0
157,196,3,0.6
157,106,1,0.2
157,180,1,0.2
157,148,1,0.2
157,149,3,0.6
157,170,3,0.6
157,93,5,1.0
157,202,5,1.0
157,142,4,0.8
157,85,4,0.8
158,203,1,0.2
158,111,3,0.6
158,168,1,0.2
158,138,4,0.8
158,201,1,0.2
158,153,3,0.6
158,133,1,0.2
158,194,3,0.6
158,175,1,0.2
158,158,4,0.8
158,149,4,0.8
158,105,2,0.4
159,152,5,1.0
159,178,1,0.2
159,111,2,0.4
159,158,2,0.4
159,165,2,0.4
159,103,4,0.8
159,151,1,0.2
159,135,3,0.6
159,102,4,0.8
159,193,5,1.0
159,117,2,0.4
159,166,1,0.2
159,100,5,1.0
159,172,5,1.0
159,101,4,0.8
159,204,4,0.8
159,85,4,0.8
159,159,2,0.4
160,116,5,1.0
160,205,1,0.2
160,134,1,0.2
160,153,5,1.0
160,87,3,0.6
160,195,5,1.0
160,104,4,0.8
160,201,2,0.4
160,99,5,1.0
160,124,5,1.0
160,129,5,1.0
160,172,2,0.4
161,106,4,0.8
161,123,4,0.8
161,196,1,0.2
161,124,2,0.4
161,137,1,0.2
161,138,4,0.8
162,138,5,1.0
162,169,3,0.6
162,139,5,1.0
162,94,3,0.6
162,174,5,1.0
162,161,1,0.2
162,86,4,0.8
162,185,4,0.8
162,160,2,0.4
162,86,3,0.6
162,155,3,0.6
162,167,3,0.6
162,193,5,1.0
163,140,5,1.0
163,120,4,0.8
163,206,3,0.6
163,100,2,0.4
163,121,3,0.6
163,94,5,1.0
163,178,1,0.2
163,176,5,1.0
163,108,5,1.0
163,114,2,0.4
163,91,2,0.4
163,128,5,1.0
163,133,2,0.4
164,208,2,0.4
164,102,4,0.8
164,186,4,0.8
164,100,1,0.2
164,134,5,1.0
164,169,2,0.4
164,182,1,0.2
164,129,3,0.6
165,205,4,0.8
165,157,5,1.0
165,151,3,0.6
165,85,4,0.8
165,162,2,0.4
165,150,1,0.2
165,188,2,0.4
165,168,2,0.4
165,188,3,0.6
165,149,4,0.8
165,146,3,0.6
165,88,3,0.6
165,97,5,1.0
165,178,1,0.2
165,160,2,0.4
165,153,1,0.2
165,204,5,1.0
166,153,3,0.6
166,151,1,0.2
166,168,5,1.0
166,141,4,0.8
166,131,4,0.8
166,95,3,0.6
166,190,4,0.8
166,168,4,0.8
167,113,4,0.8
167,105,5,1.0
167,191,4,0.8
167,155,2,0.4
167,90,4,0.8
167,118,4,0.8
167,150,4,0.8
167,203,3,0.6
167,86,2,0.4
167,147,1,0.2
168,160,5,1.0
168,136,4,0.8
168,96,4,0.8
168,203,3,0.6
168,155,4,0.8
168,148,4,0.8
168,162,2,0.4
168,127,2,0.4
168,202,4,0.8
168,199,2,0.4
168,164,4,0.8
168,91,3,0.6
169,131,1,0.2
169,180,3,0.6
169,125,5,1.0
169,153,2,0.4
169,161,4,0.8
169,206,5,1.0
169,183,4,0.8
169,109,3,0.6
170,198,2,0.4
170,201,2,0.4
170,208,2,0.4
170,193,5,1.0
170,165,2,0.4
170,155,1,0.2
170,201,4,0.8
170,160,3,0.6
170,101,1,0.2
171,166,2,0.4
171,86,4,0.8
171,138,2,0.4
171,181,5,1.0
171,191,4,0.8
171,181,1,0.2
171,95,2,0.4
171,115,5,1.0
172,166,5,1.0
172,175,1,0.2
172,93,2,0.4
172,182,5,1.0
172,210,3,0.6
172,181,2,0.4
172,183,4,0.8
172,180,3,0.6
172,129,4,0.8
172,133,3,0.6
172,142,2,0.4
172,148,2,0.4
172,148,4,0.8
172,134,4,0.8
173,154,2,0.4
173,109,2,0.4
173,123,3,0.6
173,206,3,0.6
173,133,1,0.2
173,118,5,1.0
173,98,1,0.2
173,193,4,0.8
173,177,4,0.8
174,115,2,0.4
174,107,2,0.4
174,207,2,0.4
174,115,1,0.2
174,126,2,0.4
174,183,3,0.6
174,128,5,1.0
174,148,2,0.4
174,172,5,1.0
174,144,4,0.8
174,142,1,0.2
174,207,5,1.0
174,210,4,0.8
174,114,2,0.4
174,152,5,1.0
174,108,1,0.2
175,149,2,0.4
175,156,2,0.4
175,170,4,0.8
175,96,4,0.8
175,209,1,0.2
175,154,2,0.4
175,153,3,0.6
175,175,3,0.6
175,196,5,1.0
175,119,1,0.2
175,123,1,0.2
175,200,3,0.6
175,158,3,0.6
176,196,3,0.6
176,126,4,0.8
176,182,4,0.8
176,132,5,1.0
176,100,5,1.0
176,170,5,1.0
177,201,5,1.0
177,158,3,0.6
177,119,1,0.2
177,197,4,0.8
177,173,1,0.2
177,129,4,0.8
177,100,5,1.0
178,151,5,1.0
178,94,2,0.4
178,100,4,0.8
178,160,3,0.6
178,127,2,0.4
178,139,1,0.2
178,156,3,0.6
178,166,1,0.2
178,95,5,1.0
178,94,1,0.2
178,145,4,0.8
178,188,5,1.0
178,189,4,0.8
178,193,2,0.4
178,122,3,0.6
178,168,4,0.8
178,131,1,0.2
179,210,1,0.2
179,145,2,0.4
179,163,2,0.4
179,123,1,0.2
179,185,2,0.4
179,195,5,1.0
180,106,3,0.6
180,133,1,0.2
180,138,5,1.0
180,208,3,0.6
180,174,1,0.2
181,137,4,0.8
181,111,2,0.4
181,189,1,0.2
181,87,2,0.4
181,195,1,0.2
182,89,5,1.0
182,176,4,0.8
182,152,3,0.6
182,197,3,0.6
182,85,1,0.2
183,130,5,1.0
183,136,3,0.6
183,119,3,0.6
183,142,1,0.2
183,186,4,0.8
183,199,2,0.4
183,179,1,0.2
183,104,3,0.6
183,190,4,0.8
183,143,5,1.0
183,107,5,1.0
184,89,3,0.6
184,186,4,0.8
184,150,3,0.6
184,87,4,0.8
184,125,1,0.2
184,90,3,0.6
184,126,1,0.2
184,192,2,0.4
184,208,4,0.8
184,171,3,0.6
184,103,4,0.8
184,201,5,1.0
184,198,3,0.6
184,167,3,0.6
184,173,3,0.6
185,184,1,0.2
185,123,1,0.2
185,173,3,0.6
185,150,3,0.6
185,128,4,0.8
185,126,5,1.0
185,90,5,1.0
185,104,1,0.2
185,187,2,0.4
185,106,1,0.2
185,176,1,0.2
185,200,3,0.6
185,124,2,0.4
185,144,4,0.8
186,88,1,0.2
186,158,5,1.0
186,138,1,0.2
186,146,5,1.0
186,127,4,0.8
186,97,4,0.8
186,174,2,0.4
187,143,3,0.6
187,162,3,0.6
187,133,3,0.6
187,210,2,0.4
187,174,1,0.2
187,106,5,1.0
187,198,2,0.4
187,102,3,0.6
187,118,3,0.6
188,132,1,0.2
188,179,1,0.2
188,203,1,0.2
188,207,3,0.6
188,177,3,0.6
188,167,4,0.8
188,146,2,0.4
188,118,4,0.8
189,201,5,1.0
189,187,5,1.0
189,155,5,1.0
189,89,1,0.2
189,173,1,0.2
189,204,2,0.4
189,197,4,0.8
189,108,5,1.0
189,162,1,0.2
189,87,2,0.4
189,115,5,1.0
189,173,3,0.6
190,166,4,0.8
190,120,5,1.0
190,210,5,1.0
190,208,4,0.8
190,184,5,1.0
190,170,1,0.2
190,140,3,0.6
190,105,2,0.4
190,89,5,1.0
190,124,1,0.2
191,178,3,0.6
191,181,1,0.2
191,178,5,1.0
191,159,1,0.2
191,200,4,0.8
191,106,4,0.8
192,197,1,0.2
192,187,5,1.0
192,179,4,0.8
192,180,4,0.8
192,155,1,0.2
192,101,2,0.4
192,150,2,0.4
192,107,2,0.4
192,114,4,0.8
192,155,4,0.8
192,116,3,0.6
192,154,5,1.0
192,115,1,0.2
193,210,1,0.2
193,158,4,0.8
193,133,2,0.4
193,173,5,1.0
193,141,4,0.8
193,109,3,0.6
193,142,5,1.0
193,202,3,0.6
193,88,4,0.8
194,154,4,0.8
194,116,3,0.6
194,177,3,0.6
194,164,5,1.0
194,204,1,0.2
194,106,1,0.2
194,187,1,0.2
194,109,5,1.0
194,115,4,0.8
194,91,5,1.0
195,102,3,0.6
195,149,1,0.2
195,115,2,0.4
195,204,4,0.8
195,197,2,0.4
195,90,4,0.8
195,135,3,0.6
195,181,3,0.6
195,137,4,0.8
195,191,1,0.2
195,92,5,1.0
195,187,4,0.8
195,98,5,1.0
196,91,2,0.4
196,112,5,1.0
196,177,5,1.0
196,185,1,0.2
196,125,4,0.8
197,99,4,0.8
197,125,1,0.2
197,142,5,1.0
197,177,2,0.4
197,151,3,0.6
197,93,1,0.2
197,137,1,0.2
197,198,5,1.0
197,203,4,0.8
198,89,5,1.0
198,197,4,0.8
198,208,4,0.8
198,97,5,1.0
198,134,3,0.6
198,187,5,1.0
198,191,2,0.4
198,125,1,0.2
198,91,3,0.6
198,201,3,0.6
198,208,5,1.0
199,94,5,1.0
199,204,3,0.6
199,165,3,0.6
199,135,3,0.6
199,170,2,0.4
199,93,3,0.6
199,185,2,0.4
199,209,1,0.2
199,207,5,1.0
199,197,3,0.6
199,209,2,0.4
199,87,4,0.8
199,189,1,0.2
200,199,3,0.6
200,166,5,1.0
200,207,2,0.4
200,165,2,0.4
200,184,2,0.4
200,170,2,0.4
200,167,4,0.8
200,191,1,0.2
201,180,3,0.6
201,200,2,0.4
201,133,3,0.6
201,110,5,1.0
201,101,2,0.4
201,174,3,0.6
201,177,3,0.6
202,171,4,0.8
202,174,4,0.8
202,200,3,0.6
202,164,5,1.0
203,178,5,1.0
203,104,2,0.4
203,177,3,0.6
203,127,2,0.4
203,158,2,0.4
203,128,4,0.8
204,139,3,0.6
204,179,2,0.4
204,170,3,0.6
204,126,5,1.0
204,177,3,0.6
204,88,4,0.8
204,89,2,0.4
204,91,3,0.6
205,201,2,0.4
205,128,2,0.4
205,156,5,1.0
205,138,4,0.8
206,96,1,0.2
206,210,1,0.2
206,113,5,1.0
206,171,3,0.6
206,118,1,0.2
206,93,3,0.6
206,122,5,1.0
206,163,4,0.8
206,129,3,0.6
206,139,5,1.0
206,99,1,0.2
206,123,5,1.0
206,200,5,1.0
206,152,1,0.2
207,88,2,0.4
207,112,3,0.6
207,88,5,1.0
207,102,1,0.2
207,136,5,1.0
207,144,2,0.4
207,136,2,0.4
207,125,5,1.0
208,174,4,0.8
208,159,4,0.8
208,87,5,1.0
208,178,4,0.8
208,88,1,0.2
208,195,1,0.2
208,102,2,0.4
208,168,1,0.2
208,119,3,0.6
208,137,4,0.8
209,114,4,0.8
209,114,5,1.0
209,98,1,0.2
209,174,1,0.2
209,170,4,0.8
209,96,1,0.2
209,113,3,0.6
210,107,1,0.2
210,101,1,0.2
210,123,5,1.0
210,109,3,0.6
210,122,4,0.8
210,136,1,0.2
210,94,5,1.0
210,123,3,0.6
211,202,5,1.0
211,105,2,0.4
211,188,2,0.4
211,182,2,0.4
211,144,4,0.8
211,162,4,0.8
211,125,5,1.0
211,87,2,0.4
212,124,3,0.6
212,93,4,0.8
212,192,1,0.2
212,100,5,1.0
212,95,4,0.8
212,201,3,0.6
212,209,3,0.6
212,109,1,0.2
212,100,3,0.6
212,111,5,1.0
212,192,4,0.8
212,140,4,0.8
213,115,5,1.0
213,100,2,0.4
213,180,5,1.0
213,169,4,0.8
213,97,4,0.8
213,146,3,0.6
213,162,1,0.2
214,136,5,1.0
214,104,1,0.2
214,146,3,0.6
214,177,4,0.8
214,156,3,0.6
214,99,3,0.6
214,89,2,0.4
214,164,2,0.4
214,158,3,0.6
214,195,3,0.6
214,204,2,0.4
214,134,5,1.0
214,160,4,0.8
215,201,2,0.4
215,123,3,0.6
215,109,4,0.8
215,144,5,1.0
215,100,5,1.0
215,182,2,0.4
215,181,4,0.8
215,193,3,0.6
216,207,2,0.4
216,184,5,1.0
216,110,4,0.8
216,90,5,1.0
216,106,4,0.8
216,193,3,0.6
216,140,4,0.8
216,133,1,0.2
217,178,2,0.4
217,147,2,0.4
217,208,3,0.6
217,132,1,0.2
217,197,5,1.0
217,153,5,1.0
217,165,1,0.2
218,106,3,0.6
218,202,5,1.0
218,140,4,0.8
218,181,1,0.2
218,178,5,1.0
218,187,4,0.8
218,200,5,1.0
218,173,2,0.4
218,181,4,0.8
219,146,2,0.4
219,181,5,1.0
219,137,1,0.2
219,111,3,0.6
219,86,1,0.2
219,89,2,0.4
219,177,5,1.0
219,171,3,0.6
219,100,2,0.4
219,208,2,0.4
219,91,4,0.8
219,98,5,1.0
220,191,2,0.4
220,160,3,0.6
220,136,5,1.0
220,154,5,1.0
220,187,2,0.4
220,139,1,0.2
220,152,2,0.4
220,171,5,1.0
221,176,3,0.6
221,118,3,0.6
221,110,4,0.8
221,142,1,0.2
221,91,4,0.8
221,138,5,1.0
221,196,2,0.4
221,189,1,0.2
221,95,2,0.4
222,89,1,0.2
222,134,4,0.8
222,154,4,0.8
222,169,5,1.0
222,89,2,0.4
222,186,3,0.6
222,183,1,0.2
222,104,2,0.4
222,144,1,0.2
222,138,5,1.0
222,194,2,0.4
222,127,4,0.8
223,160,5,1.0
223,97,4,0.8
223,95,4,0.8
223,181,5,1.0
223,124,2,0.4
223,107,5,1.0
223,132,2,0.4
223,106,3,0.6
223,181,4,0.8
224,174,4,0.8
224,169,5,1.0
224,202,1,0.2
224,201,2,0.4
224,164,1,0.2
224,172,2,0.4
224,139,5,1.0
225,168,3,0.6
225,200,5,1.0
225,194,3,0.6
225,177,2,0.4
225,166,3,0.6
225,103,3,0.6
225,185,3,0.6
225,123,3,0.6
225,90,5,1.0
226,196,5,1.0
226,156,1,0.2
226,191,5,1.0
226,87,4,0.8
226,105,1,0.2
226,120,2,0.4
226,204,5,1.0
226,148,4,0.8
226,93,1,0.2
227,158,3,0.6
227,198,3,0.6
227,118,2,0.4
227,113,1,0.2
227,176,4,0.8
227,97,4,0.8
227,115,4,0.8
227,175,4,0.8
227,104,2,0.4
227,90,1,0.2
227,194,4,0.8
227,96,5,1.0
227,179,4,0.8
227,192,3,0.6
228,107,2,0.4
228,192,3,0.6
228,120,3,0.6
228,120,1,0.2
228,154,2,0.4
228,177,2,0.4
229,116,3,0.6
229,174,2,0.4
229,93,1,0.2
229,200,1,0.2
229,197,2,0.4
229,202,2,0.4
229,135,4,0.8
229,159,4,0.8
229,160,5,1.0
229,157,4,0.8
230,96,2,0.4
230,187,1,0.2
230,171,1,0.2
230,204,5,1.0
230,179,4,0.8
230,173,5,1.0
230,207,4,0.8
230,146,4,0.8
230,126,4,0.8
230,130,2,0.4
230,115,1,0.2
230,159,4,0.8
230,160,5,1.0
230,167,4,0.8
231,143,4,0.8
231,208,2,0.4
231,86,5,1.0
231,197,3,0.6
231,157,5,1.0
231,100,1,0.2
231,103,3,0.6
231,183,4,0.8
231,119,1,0.2
232,131,5,1.0
232,101,5,1.0
232,128,2,0.4
232,191,4,0.8
232,194,3,0.6
232,180,1,0.2
233,85,3,0.6
233,141,5,1.0
233,105,4,0.8
233,121,3,0.6
233,121,1,0.2
233,208,3,0.6
234,190,4,0.8
234,130,5,1.0
234,157,4,0.8
234,92,4,0.8
234,108,5,1.0
234,138,4,0.8
234,97,1,0.2
234,124,1,0.2
234,98,5,1.0
234,114,4,0.8
234,104,2,0.4
234,135,1,0.2
234,202,4,0.8
235,177,1,0.2
235,171,2,0.4
235,189,5,1.0
235,151,1,0.2
235,200,4,0.8
235,201,3,0.6
235,128,4,0.8
235,165,4,0.8
235,199,3,0.6
236,167,1,0.2
236,181,2,0.4
236,208,1,0.2
236,167,4,0.8
236,177,3,0.6
236,103,1,0.2
236,183,4,0.8
237,165,1,0.2
237,206,4,0.8
237,158,3,0.6
237,201,5,1.0
237,126,1,0.2
238,193,1,0.2
238,195,1,0.2
238,188,1,0.2
238,201,5,1.0
238,138,5,1.0
238,133,5,1.0
238,138,4,0.8
238,187,2,0.4
239,92,5,1.0
239,117,2,0.4
239,95,5,1.0
239,120,5,1.0
239,184,2,0.4
239,128,1,0.2
239,166,3,0.6
239,123,4,0.8
239,92,1,0.2
239,114,3,0.6
240,127,3,0.6
240,90,1,0.2
240,140,3,0.6
240,210,2,0.4
240,165,4,0.8
240,202,1,0.2
240,173,1,0.2
240,170,2,0.4
241,177,5,1.0
241,134,4,0.8
241,165,3,0.6
241,187,2,0.4
241,201,5,1.0
241,183,1,0.2
241,188,3,0.6
242,167,5,1.0
242,102,4,0.8
242,205,4,0.8
242,205,3,0.6
242,104,1,0.2
242,169,4,0.8
242,190,4,0.8
242,165,5,1.0
242,110,4,0.8
242,201,5,1.0
243,88,1,0.2
243,156,3,0.6
243,88,4,0.8
243,91,5,1.0
243,132,5,1.0
243,201,5,1.0
243,134,5,1.0
243,119,1,0.2
243,190,1,0.2
243,153,4,0.8
244,163,2,0.4
244,113,3,0.6
244,96,5,1.0
244,183,4,0.8
244,176,4,0.8
244,160,1,0.2
244,114,4,0.8
244,122,4,0.8
244,132,4,0.8
244,170,2,0.4
244,102,3,0.6
245,187,1,0.2
245,187,3,0.6
245,141,1,0.2
245,173,1,0.2
245,198,1,0.2
245,151,5,1.0
245,100,1,0.2
245,142,5,1.0
245,168,3,0.6
246,198,4,0.8
246,93,2,0.4
246,103,2,0.4
246,158,3,0.6
246,197,1,0.2
246,166,5,1.0
247,114,3,0.6
247,95,5,1.0
247,101,2,0.4
247,85,3,0.6
247,86,4,0.8
247,140,4,0.8
247,92,5,1.0
247,176,3,0.6
247,152,4,0.8
247,168,4,0.8
247,187,2,0.4
247,116,5,1.0
247,202,1,0.2
247,105,1,0.2
247,162,3,0.6
247,87,5,1.0
247,108,1,0.2
248,165,1,0.2
248,162,2,0.4
248,191,5,1.0
248,127,2,0.4
248,107,5,1.0
248,134,5,1.0
248,86,4,0.8
249,157,1,0.2
249,163,3,0.6
249,167,1,0.2
249,152,3,0.6
249,188,3,0.6
249,101,2,0.4
250,174,5,1.0
250,207,1,0.2
250,165,1,0.2
250,185,5,1.0
250,117,5,1.0
250,199,1,0.2
250,91,5,1.0
250,90,4,0.8
250,179,1,0.2
250,156,5,1.0
251,187,5,1.0
251,158,5,1.0
251,191,1,0.2
251,139,4,0.8
251,142,3,0.6
251,138,2,0.4
251,153,1,0.2
252,145,3,0.6
252,114,1,0.2
252,169,3,0.6
252,200,1,0.2
252,199,3,0.6
252,136,5,1.0
252,154,1,0.2
252,149,2,0.4
252,152,5,1.0
252,125,5,1.0
252,208,4,0.8
252,168,2,0.4
252,101,2,0.4
252,103,4,0.8
252,203,2,0.4
252,138,3,0.6
253,117,5,1.0
253,131,3,0.6
253,136,3,0.6
253,190,4,0.8
253,186,3,0.6
253,104,1,0.2
253,172,4,0.8
253,149,5,1.0
253,158,5,1.0
253,173,4,0.8
254,180,3,0.6
254,169,4,0.8
254,160,3,0.6
254,92,4,0.8
254,118,4,0.8
254,208,4,0.8
254,194,4,0.8
255,94,2,0.4
255,156,1,0.2
255,183,5,1.0
255,116,3,0.6
255,123,5,1.0
255,152,4,0.8
255,199,2,0.4
255,110,4,0.8
256,88,3,0.6
256,184,1,0.2
256,205,3,0.6
256,179,4,0.8
256,173,2,0.4
256,193,4,0.8
256,159,1,0.2
256,143,1,0.2
256,111,5,1.0
256,161,4,0.8
256,152,4,0.8
256,141,3,0.6
256,191,1,0.2
256,146,2,0.4
257,147,1,0.2
257,139,5,1.0
257,202,3,0.6
257,157,3,0.6
257,86,4,0.8
257,107,1,0.2
257,141,2,0.4
257,115,5,1.0
257,141,3,0.6
257,108,3,0.6
257,146,5,1.0
258,137,4,0.8
258,88,3,0.6
258,88,2,0.4
258,164,2,0.4
258,91,5,1.0
258,122,5,1.0
258,208,5,1.0
258,146,5,1.0
259,199,2,0.4
259,193,3,0.6
259,142,4,0.8
259,188,3,0.6
259,116,1,0.2
259,135,4,0.8
259,206,5,1.0
259,86,4,0.8
259,127,2,0.4
260,195,4,0.8
260,208,5,1.0
260,101,4,0.8
260,177,3,0.6
260,152,1,0.2
260,194,4,0.8
260,124,4,0.8
260,195,3,0.6
260,117,4,0.8
260,133,3,0.6
260,117,2,0.4
260,207,1,0.2
260,160,1,0.2
260,101,3,0.6
261,140,4,0.8
261,121,3,0.6
261,109,1,0.2
261,159,4,0.8
261,109,2,0.4
261,119,4,0.8
261,132,4,0.8
261,127,5,1.0
261,143,3,0.6
261,110,1,0.2
261,124,1,0.2
261,120,2,0.4
262,174,1,0.2
262,120,5,1.0
262,137,4,0.8
262,208,3,0.6
262,85,1,0.2
263,137,1,0.2
263,176,2,0.4
263,93,4,0.8
263,192,5,1.0
263,115,4,0.8
263,189,3,0.6
263,120,5,1.0
263,154,3,0.6
263,121,3,0.6
263,181,3,0.6
264,201,4,0.8
264,142,4,0.8
264,190,2,0.4
264,99,4,0.8
264,134,4,0.8
264,113,2,0.4
264,99,5,1.0
264,161,5,1.0
264,120,3,0.6
265,182,5,1.0
265,93,1,0.2
265,102,3,0.6
265,188,1,0.2
265,187,4,0.8
265,156,4,0.8
265,88,3,0.6
265,144,2,0.4
265,144,3,0.6
265,113,3,0.6
265,91,5,1.0
265,148,4,0.8
265,149,4,0.8
265,101,1,0.2
266,103,1,0.2
266,185,2,0.4
266,156,4,0.8
266,210,5,1.0
266,152,4,0.8
266,151,2,0.4
267,106,4,0.8
267,140,3,0.6
267,147,3,0.6
267,132,4,0.8
267,134,1,0.2
267,195,2,0.4
267,162,4,0.8
267,145,5,1.0
267,99,4,0.8
267,182,5,1.0
267,190,1,0.2
267,90,5,1.0
268,97,3,0.6
268,122,1,0.2
268,140,2,0.4
268,102,1,0.2
268,191,2,0.4
268,179,4,0.8
268,125,3,0.6
268,146,5,1.0
268,99,3,0.6
269,85,1,0.2
269,119,5,1.0
269,162,3,0.6
269,103,1,0.2
269,155,3,0.6
269,163,1,0.2
269,131,5,1.0
269,202,4,0.8
269,98,4,0.8
270,179,4,0.8
270,94,5,1.0
270,168,2,0.4
270,189,4,0.8
270,202,1,0.2
270,95,4,0.8
270,194,4,0.8
270,155,1,0.2
270,146,1,0.2
270,201,3,0.6
270,203,3,0.6
271,195,2,0.4
271,87,4,0.8
271,117,1,0.2
271,151,5,1.0
271,142,5,1.0
271,134,4,0.8
271,179,5,1.0
271,87,1,0.2
271,204,5,1.0
271,159,3,0.6
272,178,2,0.4
272,204,3,0.6
272,179,4,0.8
272,183,4,0.8
272,177,5,1.0
272,138,4,0.8
272,141,5,1.0
272,182,5,1.0
272,164,3,0.6
272,98,5,1.0
272,115,3,0.6
273,177,2,0.4
273,176,4,0.8
273,156,1,0.2
273,127,3,0.6
273,91,3,0.6
273,197,3,0.6
273,182,2,0.4
273,145,3,0.6
273,148,1,0.2
273,120,1,0.2
274,94,3,0.6
274,173,2,0.4
274,134,4,0.8
274,195,5,1.0
274,197,4,0.8
274,151,3,0.6
274,190,3,0.6
274,159,1,0.2
274,205,2,0.4
275,101,2,0.4
275,94,1,0.2
275,104,1,0.2
275,166,1,0.2
275,185,2,0.4
275,114,1,0.2
275,105,3,0.6
276,202,1,0.2
276,174,1,0.2
276,202,5,1.0
276,116,1,0.2
276,94,5,1.0
276,112,2,0.4
276,122,4,0.8
276,145,2,0.4
276,177,1,0.2
276,164,1,0.2
276,110,3,0.6
276,176,2,0.4
276,132,1,0.2
276,89,2,0.4
276,172,1,0.2
276,204,3,0.6
276,148,1,0.2
276,151,2,0.4
276,100,5,1.0
276,85,1,0.2
277,106,4,0.8
277,190,2,0.4
277,125,2,0.4
277,174,1,0.2
277,154,3,0.6
277,105,1,0.2
277,177,3,0.6
277,116,2,0.4
277,91,5,1.0
277,133,1,0.2
278,203,2,0.4
278,127,5,1.0
278,97,5,1.0
278,148,4,0.8
278,133,5,1.0
278,195,1,0.2
278,167,2,0.4
279,200,1,0.2
279,169,3,0.6
279,111,4,0.8
279,210,3,0.6
279,154,1,0.2
279,86,3,0.6
279,152,3,0.6
279,133,5,1.0
279,135,2,0.4
280,99,3,0.6
280,154,4,0.8
280,185,2,0.4
280,165,5,1.0
280,111,2,0.4
280,199,5,1.0
280,197,3,0.6
280,98,5,1.0
280,99,5,1.0
280,152,4,0.8
280,130,1,0.2
280,205,3,0.6
281,158,2,0.4
281,89,2,0.4
281,145,1,0.2
281,132,5,1.0
281,178,4,0.8
281,164,3,0.6
281,183,2,0.4
281,154,2,0.4
281,87,3,0.6
282,136,4,0.8
282,85,1,0.2
282,86,1,0.2
282,119,2,0.4
282,201,1,0.2
282,182,2,0.4
282,133,5,1.0
283,171,1,0.2
283,113,3,0.6
283,187,4,0.8
283,132,5,1.0
283,186,3,0.6
283,101,5,1.0
283,174,2,0.4
283,99,2,0.4
283,180,5,1.0
283,117,3,0.6
283,96,3,0.6
283,127,5,1.0
284,94,2,0.4
284,134,4,0.8
284,166,2,0.4
284,158,4,0.8
284,121,5,1.0
284,154,4,0.8
284,188,5,1.0
284,153,2,0.4
284,149,2,0.4
284,110,2,0.4
285,111,2,0.4
285,109,5,1.0
285,109,4,0.8
285,120,4,0.8
285,122,5,1.0
286,163,1,0.2
286,96,3,0.6
286,152,1,0.2
286,145,2,0.4
286,183,5,1.0
286,169,2,0.4
286,129,5,1.0
286,192,1,0.2
286,117,5,1.0
286,202,4,0.8
286,156,2,0.4
286,135,1,0.2
286,196,1,0.2
286,210,3,0.6
286,89,2,0.4
286,181,4,0.8
287,109,2,0.4
287,112,4,0.8
287,206,1,0.2
287,104,1,0.2
287,156,3,0.6
287,94,4,0.8
287,210,5,1.0
287,94,3,0.6
287,163,5,1.0
287,172,4,0.8
287,154,5,1.0
287,207,5,1.0
287,103,1,0.2
288,90,4,0.8
288,105,3,0.6
288,98,3,0.6
288,127,3,0.6
288,134,2,0.4
288,191,5,1.0
288,93,4,0.8
288,175,4,0.8
288,173,5,1.0
288,91,5,1.0
288,151,3,0.6
288,201,3,0.6
288,174,2,0.4
288,171,5,1.0
288,181,2,0.4
289,203,2,0.4
289,100,2,0.4
289,117,4,0.8
289,86,3,0.6
289,138,4,0.8
289,207,4,0.8
289,96,2,0.4
289,155,2,0.4
289,190,4,0.8
289,198,5,1.0
290,100,2,0.4
290,183,3,0.6
290,87,5,1.0
290,109,1,0.2
290,152,1,0.2
290,97,4,0.8
290,210,5,1.0
290,143,2,0.4
291,148,4,0.8
291,91,3,0.6
291,204,2,0.4
291,90,4,0.8
291,139,1,0.2
291,161,3,0.6
291,193,1,0.2
291,178,2,0.4
292,147,5,1.0
292,99,5,1.0
292,159,2,0.4
292,92,4,0.8
292,167,3,0.6
292,158,1,0.2
292,134,4,0.8
292,92,1,0.2
292,187,1,0.2
292,167,1,0.2
292,88,5,1.0
292,152,4,0.8
292,137,5,1.0
293,145,2,0.4
293,95,2,0.4
293,113,4,0.8
293,202,4,0.8
293,151,2,0.4
293,134,4,0.8
293,106,2,0.4
293,142,2,0.4
294,158,1,0.2
294,155,4,0.8
294,99,2,0.4
294,138,4,0.8
294,161,5,1.0
294,176,5,1.0
294,208,2,0.4
294,131,1,0.2
294,112,3,0.6
294,93,4,0.8
294,163,4,0.8
294,86,2,0.4
295,127,2,0.4
295,97,5,1.0
295,128,1,0.2
295,107,5,1.0
295,197,2,0.4
295,130,1,0.2
295,110,1,0.2
295,145,5,1.0
295,89,3,0.6
295,163,1,0.2
295,99,3,0.6
295,160,5,1.0
296,177,2,0.4
296,118,1,0.2
296,162,2,0.4
296,174,2,0.4
296,177,4,0.8
296,97,2,0.4
296,125,4,0.8
296,113,2,0.4
297,199,5,1.0
297,105,4,0.8
297,107,3,0.6
297,191,4,0.8
297,88,2,0.4
297,95,3,0.6
297,170,4,0.8
297,209,3,0.6
297,187,2,0.4
298,159,1,0.2
298,137,5,1.0
298,117,5,1.0
298,126,1,0.2
298,143,5,1.0
298,171,4,0.8
298,120,2,0.4
298,201,5,1.0
298,176,4,0.8
299,153,3,0.6
299,109,1,0.2
299,101,4,0.8
299,121,3,0.6
299,182,1,0.2
299,105,3,0.6
300,200,4,0.8
300,144,5,1.0
300,107,2,0.4
300,193,5,1.0
300,108,5,1.0
300,103,5,1.0
300,163,2,0.4
